"Name","HR","H","AB","RBI","Team","salary_millions","salary_source","estimated_war","value_score","vs_pct","status"
"Junior Caminero",34,124,448,74,NA,0.72,"league_minimum_default",0.848,1.17777777777778,1,"Undervalued"
"Hunter Goodman",34,103,407,69,NA,0.72,"league_minimum_default",0.785,1.09027777777778,0.997881355932203,"Undervalued"
"Ben Rice",32,108,420,75,NA,0.72,"league_minimum_default",0.772,1.07222222222222,0.995762711864407,"Undervalued"
"CJ Abrams",28,126,439,89,NA,0.72,"league_minimum_default",0.77,1.06944444444444,0.99364406779661,"Undervalued"
"James Wood",30,116,437,73,NA,0.72,"league_minimum_default",0.768,1.06666666666667,0.991525423728814,"Undervalued"
"Max Muncy",27,127,532,76,NA,0.72,"league_minimum_default",0.759,1.05416666666667,0.989406779661017,"Undervalued"
"Jordan Walker",23,128,449,83,NA,0.72,"league_minimum_default",0.706,0.980555555555556,0.98728813559322,"Undervalued"
"Dillon Dingler",26,113,415,80,NA,0.72,"league_minimum_default",0.703,0.976388888888889,0.985169491525424,"Undervalued"
"Sal Stewart",25,113,444,87,NA,0.72,"league_minimum_default",0.689,0.956944444444445,0.983050847457627,"Undervalued"
"Brandon Lowe",25,111,439,74,NA,0.72,"league_minimum_default",0.683,0.948611111111111,0.980932203389831,"Undervalued"
"Michael Harris II",20,126,431,67,NA,0.72,"league_minimum_default",0.658,0.913888888888889,0.978813559322034,"Undervalued"
"Luis García Jr.",24,105,376,78,NA,0.72,"league_minimum_default",0.651,0.904166666666667,0.976694915254237,"Undervalued"
"Alec Burleson",19,128,450,81,NA,0.72,"league_minimum_default",0.65,0.902777777777778,0.974576271186441,"Undervalued"
"Miguel Vargas",24,101,430,67,NA,0.72,"league_minimum_default",0.639,0.8875,0.972457627118644,"Undervalued"
"Andy Pages",19,123,455,76,NA,0.72,"league_minimum_default",0.635,0.881944444444445,0.970338983050847,"Undervalued"
"Colson Montgomery",26,90,418,68,NA,0.72,"league_minimum_default",0.634,0.880555555555556,0.968220338983051,"Undervalued"
"Yandy Díaz",16,134,443,67,NA,0.72,"league_minimum_default",0.626,0.869444444444444,0.966101694915254,"Undervalued"
"Kazuma Okamoto",24,96,427,70,NA,0.72,"league_minimum_default",0.624,0.866666666666667,0.963983050847458,"Undervalued"
"Ozzie Albies",19,118,458,63,NA,0.72,"league_minimum_default",0.62,0.861111111111111,0.961864406779661,"Undervalued"
"Shea Langeliers",23,99,376,51,NA,0.72,"league_minimum_default",0.619,0.859722222222222,0.959745762711864,"Undervalued"
"Christian Walker",22,102,428,67,NA,0.72,"league_minimum_default",0.614,0.852777777777778,0.957627118644068,"Undervalued"
"Wilyer Abreu",20,111,438,63,NA,0.72,"league_minimum_default",0.613,0.851388888888889,0.955508474576271,"Undervalued"
"Jac Caglianone",21,106,398,52,NA,0.72,"league_minimum_default",0.612,0.85,0.953389830508475,"Undervalued"
"Casey Schmitt",21,105,387,55,NA,0.72,"league_minimum_default",0.609,0.845833333333333,0.951271186440678,"Undervalued"
"Elly De La Cruz",20,105,387,54,NA,0.72,"league_minimum_default",0.595,0.826388888888889,0.949152542372881,"Undervalued"
